<?xml version="1.0" encoding="UTF-8"?>
<project-private xmlns="http://www.netbeans.org/ns/project-private/1">
    <editor-bookmarks xmlns="http://www.netbeans.org/ns/editor-bookmarks/2" lastBookmarkId="0"/>
    <open-files xmlns="http://www.netbeans.org/ns/projectui-open-files/2">
        <group>
            <file>file:/C:/Users/Latitude/Documents/cos301/TCP-Solutions/implementation/webservice/webapp/css/style.css</file>
            <file>file:/C:/Users/Latitude/Documents/cos301/TCP-Solutions/implementation/webservice/webapp/js/script.js</file>
            <file>file:/C:/Users/Latitude/Documents/cos301/TCP-Solutions/implementation/webservice/webapp/models/webapi.php</file>
            <file>file:/C:/Users/Latitude/Documents/cos301/TCP-Solutions/implementation/webservice/webapp/models/api.php</file>
            <file>file:/C:/Users/Latitude/Documents/cos301/TCP-Solutions/implementation/webservice/webapp/models/Drowning.php</file>
        </group>
    </open-files>
</project-private>
