<?xml version="1.0" encoding="UTF-8"?>
<project-private xmlns="http://www.netbeans.org/ns/project-private/1">
    <editor-bookmarks xmlns="http://www.netbeans.org/ns/editor-bookmarks/2" lastBookmarkId="1">
        <file>
            <url>afpHome.php</url>
            <bookmark id="1">
                <name/>
                <line>81</line>
                <key/>
            </bookmark>
        </file>
    </editor-bookmarks>
    <open-files xmlns="http://www.netbeans.org/ns/projectui-open-files/2">
<<<<<<< HEAD
        <group/>
=======
        <group>
            <file>file:/C:/Users/Latitude/Documents/cos301/TCP-Solutions/implementation/webservice/webapp/models/api.php</file>
        </group>
>>>>>>> fd15a9b6bf68eece943c0ff7a256399384001d24
    </open-files>
</project-private>
